CustomerID,Address,City,State,PostalCode
1000,2712 Oak Rd,Dallas,IL,78198
1001,2611 Broadway,Dallas,NY,27864
1002,366 Elm St,Miami,CO,85185
1003,1866 Oak Rd,Dallas,NY,40110
1004,459 Oak Rd,Dallas,WA,63515
1005,7775 Sunset Blvd,Los Angeles,CA,97861
1006,7108 Sunset Blvd,Miami,NY,67349
1007,7093 Elm St,Atlanta,FL,51312
1008,4181 Main St,Chicago,WA,94116
1009,6165 Oak Rd,New York,CA,32680
1010,3881 Broadway,San Francisco,WA,73915
1011,2895 Oak Rd,New York,TX,45501
1012,2259 Main St,Chicago,MA,48797
1013,7611 Park Ave,Boston,NY,21910
1014,7541 Elm St,Chicago,IL,48361
1015,953 Washington Blvd,New York,GA,64209
1016,4342 Hill St,Atlanta,CA,72427
1017,8213 Washington Blvd,Seattle,CO,23876
1018,9942 Elm St,Seattle,NY,60635
1019,5994 Hill St,Dallas,MA,67764
1020,2624 Sunset Blvd,Chicago,FL,76294
1021,1150 Elm St,Chicago,FL,88485
1022,757 Broadway,Miami,CO,61668
1023,8845 Maple Dr,Seattle,MA,29324
1024,4153 Sunset Blvd,Dallas,TX,69161
1025,9494 Park Ave,Chicago,CA,27038
1026,1485 Park Ave,New York,CA,79588
1027,7602 Hill St,New York,TX,55436
1028,9157 Pine St,Boston,NY,97767
1029,1311 Sunset Blvd,New York,GA,48187
1030,690 Oak Rd,Boston,IL,56205
1031,1796 Broadway,Boston,WA,56525
1032,3019 Broadway,Miami,CA,74748
1033,1771 Elm St,Chicago,IL,74517
1034,6453 Maple Dr,Dallas,TX,83080
1035,7544 Elm St,Chicago,NY,57279
1036,4839 Elm St,Chicago,CA,59241
1037,2986 Pine St,Miami,WA,87477
1038,6366 Oak Rd,Dallas,NY,80723
1039,3303 Oak Rd,Seattle,WA,49589
1040,7355 Main St,Seattle,MA,77969
1041,8277 Hill St,Boston,FL,11539
1042,4539 Sunset Blvd,New York,IL,11353
1043,6230 Broadway,Denver,MA,99699
1044,5823 Park Ave,Boston,FL,34833
1045,7443 Sunset Blvd,Seattle,IL,62069
1046,7098 Oak Rd,Chicago,FL,64278
1047,3920 Maple Dr,Chicago,GA,75274
1048,7868 Washington Blvd,Chicago,IL,57014
1049,9393 Elm St,New York,CO,20558
1050,6643 Washington Blvd,San Francisco,CA,28580
1051,2292 Main St,Miami,IL,29779
1052,9807 Maple Dr,Los Angeles,CA,52281
1053,6825 Oak Rd,New York,IL,87517
1054,5305 Washington Blvd,Boston,CO,40486
1055,7241 Oak Rd,Atlanta,IL,94640
1056,6794 Elm St,Boston,WA,97042
1057,3047 Main St,Denver,CO,19961
1058,5592 Maple Dr,Boston,MA,13547
1059,9131 Washington Blvd,Los Angeles,TX,36838
1060,1852 Oak Rd,San Francisco,NY,15715
1061,4566 Broadway,San Francisco,TX,30582
1062,1152 Park Ave,Chicago,IL,22368
1063,2932 Park Ave,Miami,WA,77025
1064,1945 Washington Blvd,San Francisco,IL,67074
1065,9003 Pine St,San Francisco,GA,62620
1066,4981 Main St,Los Angeles,CA,79578
1067,5452 Maple Dr,San Francisco,MA,17666
1068,6480 Maple Dr,Seattle,IL,98305
1069,115 Main St,Denver,IL,84713
1070,8332 Sunset Blvd,Atlanta,MA,72972
1071,4106 Washington Blvd,San Francisco,FL,60818
1072,6681 Maple Dr,Denver,WA,25565
1073,9861 Pine St,Chicago,TX,48822
1074,3053 Park Ave,Boston,IL,67162
1075,2472 Elm St,Los Angeles,TX,33989
1076,380 Maple Dr,Los Angeles,NY,47266
1077,2772 Broadway,Seattle,MA,38437
1078,1947 Maple Dr,Atlanta,MA,84495
1079,1933 Park Ave,Atlanta,GA,30109
1080,6756 Broadway,Boston,WA,85414
1081,8731 Park Ave,Chicago,MA,36104
1082,1916 Hill St,New York,NY,38749
1083,7177 Pine St,Denver,NY,32032
1084,134 Main St,New York,FL,35782
1085,2742 Hill St,Miami,TX,81299
1086,6588 Oak Rd,Los Angeles,NY,52174
1087,860 Washington Blvd,Chicago,WA,42017
1088,8774 Oak Rd,San Francisco,NY,56567
1089,9162 Elm St,Denver,IL,96505
1090,9349 Broadway,New York,NY,69126
1091,6622 Hill St,Denver,IL,69950
1092,7245 Oak Rd,Dallas,IL,82851
1093,3488 Hill St,Boston,CO,98234
1094,3439 Oak Rd,Atlanta,CO,20918
1095,8384 Washington Blvd,Los Angeles,MA,62755
1096,3000 Pine St,Atlanta,CA,42483
1097,7211 Hill St,Seattle,CA,10107
1098,1318 Oak Rd,Chicago,MA,30558
1099,3395 Oak Rd,Boston,IL,22995
1100,8956 Hill St,Dallas,FL,34488
1101,7654 Broadway,Los Angeles,MA,72504
1102,5430 Main St,Denver,GA,74619
1103,6418 Park Ave,New York,CO,92463
1104,6165 Broadway,Chicago,NY,93205
1105,8918 Hill St,Los Angeles,WA,42422
1106,1329 Broadway,Chicago,GA,89521
1107,7384 Pine St,Los Angeles,GA,75951
1108,1913 Washington Blvd,Boston,CO,85963
1109,8836 Oak Rd,San Francisco,WA,55867
1110,8250 Elm St,New York,IL,61221
1111,6274 Washington Blvd,Denver,MA,60393
1112,2898 Broadway,Miami,CA,28135
1113,5403 Sunset Blvd,Dallas,WA,90837
1114,8410 Broadway,Boston,IL,55013
1115,5443 Oak Rd,Boston,WA,97970
1116,7229 Main St,Atlanta,WA,27891
1117,9591 Broadway,New York,GA,45142
1118,7885 Elm St,Boston,CO,65450
1119,9770 Maple Dr,Los Angeles,GA,85247
1120,6593 Sunset Blvd,New York,MA,10504
1121,9164 Broadway,Atlanta,WA,99915
1122,8259 Maple Dr,San Francisco,FL,99860
1123,9454 Maple Dr,Denver,WA,19865
1124,8440 Oak Rd,Boston,MA,49618
1125,1943 Pine St,Atlanta,TX,47876
1126,7609 Hill St,Miami,TX,62254
1127,9627 Hill St,San Francisco,CA,59914
1128,4899 Broadway,San Francisco,NY,44763
1129,4851 Washington Blvd,New York,IL,96885
1130,8533 Pine St,New York,FL,32400
1131,2037 Main St,Chicago,CO,28289
1132,7615 Main St,Denver,CO,47994
1133,9158 Broadway,New York,NY,81350
1134,3035 Maple Dr,San Francisco,WA,56998
1135,8621 Park Ave,Dallas,NY,82912
1136,8941 Broadway,San Francisco,TX,97257
1137,774 Washington Blvd,Atlanta,WA,97393
1138,8961 Hill St,Dallas,GA,44329
1139,1836 Hill St,Miami,CO,41006
1140,338 Elm St,Atlanta,FL,11667
1141,874 Main St,Dallas,NY,99084
1142,5751 Pine St,Denver,CA,87617
1143,9872 Washington Blvd,Dallas,NY,56849
1144,6447 Maple Dr,Los Angeles,MA,44217
1145,9362 Oak Rd,Atlanta,MA,97158
1146,4920 Pine St,Atlanta,NY,75883
1147,7961 Main St,Los Angeles,MA,71879
1148,2754 Pine St,New York,NY,24810
1149,3443 Pine St,Miami,CA,16239
1150,3883 Maple Dr,Seattle,WA,43038
1151,2254 Broadway,Boston,NY,61563
1152,8029 Maple Dr,Miami,CO,83220
1153,6667 Washington Blvd,Chicago,WA,15061
1154,6290 Elm St,Chicago,CA,52415
1155,5739 Broadway,Boston,CO,72611
1156,2343 Washington Blvd,Denver,IL,34148
1157,3062 Park Ave,Boston,NY,53487
1158,3965 Oak Rd,Seattle,GA,13853
1159,4337 Sunset Blvd,Seattle,GA,60960
1160,5073 Hill St,Seattle,FL,58806
1161,9885 Oak Rd,Boston,CO,52763
1162,2897 Park Ave,Dallas,MA,39520
1163,5220 Main St,Atlanta,CA,27980
1164,4809 Washington Blvd,Miami,TX,23320
1165,2823 Broadway,New York,NY,42654
1166,6561 Elm St,Chicago,CA,18911
1167,7838 Oak Rd,Chicago,GA,74835
1168,2673 Pine St,Seattle,MA,94218
1169,9038 Oak Rd,Boston,FL,82834
1170,5359 Washington Blvd,San Francisco,FL,32409
1171,3064 Broadway,Seattle,IL,99295
1172,5773 Elm St,Miami,CA,63225
1173,1994 Hill St,Miami,GA,58266
1174,1476 Sunset Blvd,Los Angeles,NY,54038
1175,955 Hill St,New York,FL,50437
1176,9918 Park Ave,Seattle,GA,69520
1177,5134 Maple Dr,Atlanta,TX,57988
1178,3619 Washington Blvd,Chicago,WA,67456
1179,8765 Maple Dr,Los Angeles,GA,25608
1180,5939 Broadway,Seattle,GA,36140
1181,4359 Maple Dr,Boston,TX,14803
1182,5561 Oak Rd,Atlanta,MA,80033
1183,596 Oak Rd,Dallas,CA,79448
1184,3667 Pine St,Los Angeles,CA,36350
1185,4026 Hill St,Boston,IL,65983
1186,713 Hill St,Atlanta,MA,80116
1187,2968 Hill St,Los Angeles,FL,32818
1188,7962 Hill St,Atlanta,TX,11263
1189,4773 Hill St,Denver,IL,51414
1190,1125 Washington Blvd,Chicago,CA,68349
1191,5109 Pine St,Miami,TX,52917
1192,3809 Sunset Blvd,San Francisco,NY,23307
1193,8486 Broadway,Los Angeles,FL,65686
1194,7937 Oak Rd,Seattle,WA,60006
1195,8235 Park Ave,Atlanta,GA,59663
1196,2763 Broadway,Denver,CA,50683
1197,3777 Oak Rd,Denver,IL,87025
1198,9530 Maple Dr,Denver,CO,44339
1199,5694 Main St,Boston,NY,14840
1200,1937 Main St,San Francisco,MA,54601
1201,7959 Oak Rd,Boston,NY,79637
1202,3933 Washington Blvd,Chicago,CA,21139
1203,8952 Broadway,Denver,MA,48077
1204,4810 Elm St,Seattle,CO,46298
1205,8531 Hill St,Seattle,GA,86393
1206,6173 Sunset Blvd,Chicago,MA,58619
1207,8132 Washington Blvd,Boston,FL,78144
1208,2171 Hill St,Los Angeles,NY,33481
1209,2450 Park Ave,Atlanta,GA,80623
1210,1312 Elm St,Seattle,MA,80837
1211,3172 Broadway,Atlanta,CA,70571
1212,335 Washington Blvd,Boston,MA,49223
1213,4403 Washington Blvd,Los Angeles,WA,37015
1214,7070 Sunset Blvd,Chicago,MA,61277
1215,8674 Park Ave,Los Angeles,IL,38526
1216,586 Oak Rd,San Francisco,MA,54789
1217,7217 Hill St,Los Angeles,CA,85775
1218,4126 Broadway,Atlanta,MA,20457
1219,4607 Washington Blvd,Boston,NY,12970
1220,9485 Elm St,Los Angeles,GA,71343
1221,9555 Main St,Miami,FL,29373
1222,9279 Pine St,Denver,TX,38968
1223,6222 Park Ave,Miami,MA,80577
1224,438 Sunset Blvd,New York,FL,35579
1225,2173 Pine St,New York,CA,25972
1226,9531 Oak Rd,Boston,CA,11367
1227,4173 Hill St,Chicago,GA,50288
1228,2302 Washington Blvd,Miami,CA,41896
1229,7089 Main St,Boston,NY,79614
1230,5475 Hill St,Los Angeles,MA,26124
1231,799 Maple Dr,Miami,NY,27777
1232,5004 Oak Rd,Atlanta,TX,62489
1233,1241 Washington Blvd,San Francisco,GA,36953
1234,6311 Pine St,Chicago,GA,20337
1235,3655 Washington Blvd,San Francisco,CO,84494
1236,4119 Oak Rd,Miami,TX,91091
1237,1088 Main St,Miami,MA,52173
1238,7148 Park Ave,Miami,WA,69029
1239,4135 Park Ave,Miami,CO,59227
1240,4022 Broadway,Atlanta,IL,56801
1241,5780 Park Ave,Los Angeles,CO,48034
1242,4132 Pine St,Boston,NY,96510
1243,2295 Hill St,Dallas,GA,73721
1244,3077 Sunset Blvd,New York,IL,81395
1245,9840 Pine St,Denver,CO,10614
1246,5721 Oak Rd,Seattle,IL,78319
1247,1446 Pine St,Seattle,WA,19003
1248,6853 Park Ave,New York,CA,91717
1249,7666 Washington Blvd,Dallas,FL,80177
1250,5008 Pine St,Seattle,NY,58929
1251,2138 Main St,Dallas,MA,81678
1252,120 Elm St,Atlanta,TX,11084
1253,4426 Elm St,Atlanta,CO,37332
1254,7017 Elm St,San Francisco,CA,44510
1255,4346 Maple Dr,Atlanta,CA,79319
1256,9586 Oak Rd,Boston,FL,37710
1257,454 Broadway,Denver,NY,64839
1258,8214 Pine St,Seattle,NY,84667
1259,2945 Elm St,San Francisco,MA,46466
1260,8441 Sunset Blvd,Seattle,FL,55954
1261,1933 Oak Rd,Miami,MA,69464
1262,2324 Sunset Blvd,Los Angeles,GA,44849
1263,3320 Main St,Denver,MA,83393
1264,2063 Park Ave,Denver,WA,14602
1265,3427 Maple Dr,Dallas,MA,78513
1266,1165 Hill St,Atlanta,TX,81876
1267,7798 Sunset Blvd,Miami,MA,39156
1268,3934 Oak Rd,Denver,WA,72245
1269,7464 Main St,Seattle,CA,40480
1270,238 Broadway,New York,CA,55758
1271,3262 Hill St,Denver,NY,34417
1272,9028 Elm St,Denver,IL,55702
1273,4433 Elm St,New York,WA,18889
1274,2891 Oak Rd,Los Angeles,NY,95507
1275,5934 Sunset Blvd,Atlanta,IL,10959
1276,4499 Maple Dr,Los Angeles,NY,17418
1277,8205 Broadway,Seattle,CA,84059
1278,3624 Elm St,Seattle,FL,41483
1279,9124 Park Ave,New York,GA,90756
1280,5171 Park Ave,Chicago,IL,46313
1281,9012 Sunset Blvd,New York,MA,72215
1282,2574 Pine St,Seattle,CO,36828
1283,3103 Elm St,Miami,CA,75012
1284,4991 Elm St,Chicago,WA,11833
1285,4442 Oak Rd,Chicago,CO,23065
1286,1867 Hill St,Boston,NY,14645
1287,3252 Maple Dr,Denver,MA,66573
1288,1725 Pine St,Dallas,NY,72244
1289,296 Elm St,San Francisco,CO,68805
1290,2882 Main St,Chicago,NY,14167
1291,9841 Washington Blvd,Dallas,CO,64277
1292,2320 Park Ave,Boston,FL,35767
1293,6805 Hill St,Boston,NY,11307
1294,5653 Sunset Blvd,Atlanta,FL,13935
1295,1081 Park Ave,Atlanta,TX,27899
1296,5564 Broadway,New York,NY,70475
1297,3642 Broadway,Atlanta,CA,34839
1298,667 Sunset Blvd,Chicago,IL,22258
1299,1888 Oak Rd,San Francisco,CO,84235
1300,775 Hill St,Atlanta,CA,95863
1301,6487 Sunset Blvd,Chicago,IL,25722
1302,508 Maple Dr,Miami,WA,63413
1303,1932 Sunset Blvd,Los Angeles,IL,81717
1304,1220 Sunset Blvd,New York,GA,43663
1305,5119 Oak Rd,Denver,NY,28966
1306,3795 Maple Dr,Seattle,IL,34073
1307,6007 Elm St,Los Angeles,CO,12018
1308,2460 Washington Blvd,Chicago,TX,87032
1309,4521 Park Ave,Chicago,NY,86459
1310,4549 Maple Dr,Atlanta,GA,33631
1311,6257 Broadway,New York,TX,98395
1312,3092 Pine St,Miami,FL,22369
1313,3780 Elm St,Atlanta,CO,20341
1314,7728 Broadway,Seattle,MA,13159
1315,2294 Maple Dr,Miami,FL,86591
1316,8948 Washington Blvd,Los Angeles,CO,14856
1317,2253 Park Ave,Los Angeles,CA,51899
1318,8898 Broadway,Los Angeles,IL,66343
1319,8955 Pine St,Seattle,MA,64214
1320,4282 Sunset Blvd,San Francisco,CO,77331
1321,7002 Elm St,Dallas,GA,59724
1322,1063 Main St,San Francisco,MA,45289
1323,5211 Sunset Blvd,Seattle,NY,77000
1324,3880 Sunset Blvd,San Francisco,CA,83997
1325,1894 Broadway,New York,GA,48217
1326,9393 Elm St,Los Angeles,CO,49423
1327,814 Main St,Denver,MA,36424
1328,6539 Broadway,Chicago,TX,52734
1329,3875 Maple Dr,San Francisco,WA,76828
1330,7260 Maple Dr,Atlanta,NY,76082
1331,2684 Park Ave,Dallas,MA,63768
1332,5319 Maple Dr,Denver,IL,29403
1333,259 Elm St,Los Angeles,IL,36122
1334,8155 Elm St,New York,FL,53103
1335,124 Oak Rd,Dallas,NY,17990
1336,437 Main St,San Francisco,MA,59401
1337,4174 Maple Dr,Denver,GA,41361
1338,9827 Park Ave,Boston,NY,10440
1339,8556 Hill St,Boston,CA,25901
1340,4230 Park Ave,Denver,NY,13033
1341,9596 Park Ave,Denver,IL,40814
1342,2375 Sunset Blvd,Dallas,GA,86280
1343,8815 Broadway,Atlanta,NY,60882
1344,245 Hill St,Miami,WA,81214
1345,1446 Hill St,Denver,GA,43818
1346,6465 Oak Rd,New York,NY,13022
1347,9876 Broadway,San Francisco,WA,99692
1348,3690 Oak Rd,Denver,CA,22685
1349,4102 Sunset Blvd,Los Angeles,CA,78601
1350,1495 Washington Blvd,Los Angeles,MA,94641
1351,6151 Maple Dr,Miami,MA,28549
1352,9493 Maple Dr,Chicago,NY,34787
1353,4356 Main St,Los Angeles,FL,36667
1354,5407 Oak Rd,Seattle,CO,63885
1355,591 Sunset Blvd,Miami,CO,85334
1356,9885 Maple Dr,Seattle,WA,63008
1357,7176 Sunset Blvd,Chicago,NY,22516
1358,1059 Hill St,Chicago,WA,94405
1359,362 Elm St,San Francisco,CA,76452
1360,2593 Elm St,Dallas,MA,68554
1361,9872 Maple Dr,New York,IL,61259
1362,2405 Main St,San Francisco,FL,75640
1363,1247 Sunset Blvd,Seattle,FL,27818
1364,7760 Oak Rd,Miami,TX,63947
1365,5204 Elm St,Dallas,FL,69563
1366,385 Main St,Seattle,CA,30902
1367,1651 Hill St,Chicago,MA,53517
1368,1856 Hill St,Los Angeles,CO,19102
1369,2994 Washington Blvd,Miami,NY,47599
1370,6613 Park Ave,New York,NY,70902
1371,9956 Elm St,Dallas,NY,44668
1372,7087 Pine St,New York,NY,21174
1373,2193 Hill St,Dallas,MA,28785
1374,7608 Park Ave,New York,CA,33039
1375,3385 Elm St,Boston,CO,18997
1376,5848 Park Ave,Chicago,NY,95834
1377,4433 Hill St,Miami,NY,75242
1378,7135 Pine St,Miami,TX,43888
1379,5212 Pine St,New York,WA,95864
1380,3011 Elm St,Atlanta,CO,38673
1381,5012 Pine St,New York,CA,91531
1382,1543 Washington Blvd,Dallas,NY,57965
1383,8279 Oak Rd,Seattle,GA,29516
1384,4351 Oak Rd,Miami,MA,65293
1385,1461 Sunset Blvd,Denver,MA,32161
1386,2773 Washington Blvd,Los Angeles,IL,70142
1387,3102 Pine St,Atlanta,NY,76766
1388,6522 Pine St,Denver,FL,62453
1389,2600 Elm St,Seattle,CA,91448
1390,7340 Pine St,San Francisco,GA,76930
1391,4516 Broadway,Seattle,GA,71221
1392,1419 Elm St,Boston,NY,93769
1393,3502 Washington Blvd,New York,NY,64104
1394,1883 Hill St,Seattle,MA,84137
1395,8019 Maple Dr,Chicago,IL,40840
1396,5231 Maple Dr,Dallas,WA,17031
1397,5133 Pine St,Denver,MA,29970
1398,1909 Elm St,Los Angeles,FL,93518
1399,7191 Maple Dr,Boston,FL,31446
1400,5947 Maple Dr,Boston,IL,12253
1401,6648 Maple Dr,Seattle,CA,26216
1402,1756 Broadway,Atlanta,TX,81657
1403,9118 Park Ave,San Francisco,IL,70764
1404,4180 Main St,Denver,TX,50202
1405,3792 Washington Blvd,Boston,WA,75594
1406,8336 Elm St,Los Angeles,MA,77740
1407,4642 Broadway,Denver,MA,13040
1408,6738 Pine St,Seattle,NY,55523
1409,1711 Park Ave,New York,IL,21941
1410,2737 Washington Blvd,Seattle,TX,96050
1411,4670 Park Ave,Chicago,TX,13841
1412,2040 Pine St,New York,WA,90124
1413,8748 Pine St,New York,TX,75099
1414,2431 Park Ave,San Francisco,CO,16929
1415,1057 Oak Rd,Chicago,NY,36429
1416,1820 Broadway,Atlanta,MA,87624
1417,910 Park Ave,Los Angeles,WA,14251
1418,316 Oak Rd,Seattle,GA,25306
1419,4043 Park Ave,Atlanta,CA,87292
1420,7745 Hill St,Denver,NY,23757
1421,6456 Elm St,Miami,NY,76496
1422,4333 Park Ave,Boston,WA,93379
1423,7745 Hill St,Miami,FL,11235
1424,2073 Park Ave,Dallas,GA,54659
1425,3761 Washington Blvd,San Francisco,IL,25647
1426,470 Sunset Blvd,Chicago,MA,79269
1427,7368 Hill St,New York,GA,28035
1428,7767 Broadway,New York,TX,71334
1429,1934 Pine St,Los Angeles,CO,13603
1430,9152 Hill St,Los Angeles,GA,30267
1431,2226 Oak Rd,Boston,CO,42940
1432,7982 Sunset Blvd,Los Angeles,MA,35947
1433,8048 Washington Blvd,Dallas,NY,68642
1434,6968 Hill St,Los Angeles,NY,33863
1435,4798 Hill St,New York,MA,58016
1436,5865 Sunset Blvd,San Francisco,NY,11930
1437,2880 Maple Dr,Seattle,TX,27688
1438,3594 Pine St,Chicago,IL,25930
1439,6501 Broadway,New York,CO,88966
1440,6365 Hill St,Miami,GA,44023
1441,6627 Sunset Blvd,New York,CO,67997
1442,5941 Park Ave,Denver,CA,42231
1443,9571 Washington Blvd,Chicago,CA,52186
1444,999 Park Ave,Denver,WA,29030
1445,6463 Park Ave,New York,GA,11264
1446,3664 Oak Rd,Miami,NY,95036
1447,8663 Maple Dr,Chicago,WA,37771
1448,1943 Broadway,San Francisco,TX,85744
1449,2343 Maple Dr,San Francisco,WA,75980
1450,1180 Oak Rd,New York,NY,49508
1451,1855 Pine St,Boston,CA,12027
1452,5283 Oak Rd,New York,IL,23229
1453,6134 Park Ave,Denver,GA,57805
1454,9112 Pine St,Seattle,CO,42121
1455,3886 Broadway,Miami,TX,50613
1456,9110 Park Ave,Los Angeles,NY,52710
1457,379 Park Ave,Seattle,GA,65130
1458,4352 Elm St,Atlanta,MA,86704
1459,7054 Park Ave,Miami,GA,42346
1460,9140 Washington Blvd,Miami,CA,27932
1461,9045 Park Ave,Atlanta,GA,53190
1462,1713 Elm St,Dallas,FL,83765
1463,8255 Hill St,Los Angeles,FL,57484
1464,4353 Elm St,Denver,NY,98007
1465,9906 Sunset Blvd,Chicago,TX,60246
1466,409 Elm St,Seattle,WA,67033
1467,6158 Maple Dr,Denver,GA,71415
1468,2415 Main St,Miami,CA,67873
1469,1767 Main St,Atlanta,TX,18014
1470,8292 Sunset Blvd,Los Angeles,FL,60367
1471,4418 Sunset Blvd,San Francisco,TX,73065
1472,1102 Oak Rd,Los Angeles,GA,51687
1473,5128 Oak Rd,San Francisco,NY,34341
1474,7346 Maple Dr,Los Angeles,WA,75962
1475,5413 Sunset Blvd,Chicago,CO,16528
1476,2754 Broadway,Chicago,FL,44021
1477,6562 Hill St,Denver,IL,69096
1478,3146 Hill St,San Francisco,WA,15989
1479,7451 Pine St,Denver,WA,27839
1480,268 Sunset Blvd,Denver,TX,28850
1481,7935 Park Ave,Dallas,FL,37295
1482,9086 Pine St,Atlanta,CO,28135
1483,5967 Broadway,Chicago,TX,79338
1484,7165 Hill St,Atlanta,NY,63272
1485,594 Maple Dr,San Francisco,MA,61561
1486,9788 Oak Rd,Chicago,NY,53857
1487,6170 Oak Rd,Seattle,NY,55462
1488,516 Hill St,Boston,IL,72162
1489,3377 Broadway,Denver,CA,52909
1490,9867 Sunset Blvd,Denver,WA,11157
1491,5249 Oak Rd,Miami,CO,69012
1492,1046 Sunset Blvd,San Francisco,GA,75511
1493,5654 Washington Blvd,Seattle,IL,67191
1494,1361 Broadway,New York,TX,79070
1495,4354 Elm St,Chicago,GA,37532
1496,6693 Elm St,Atlanta,TX,33627
1497,1077 Elm St,Chicago,IL,73195
1498,1792 Park Ave,Los Angeles,GA,58626
1499,8129 Pine St,Boston,CA,74463
